{
  "$schema": "http://json-schema.org/draft-07/schema#",
  "title": "cfe_metrics_v1",
  "type": "object",
  "required": [
    "case_id",
    "R",
    "Ricci_max",
    "kappa_max",
    "geodesic_action",
    "lapse_N",
    "t"
  ],
  "properties": {
    "case_id": {
      "type": "string"
    },
    "R": {
      "type": "number"
    },
    "Ricci_max": {
      "type": "number"
    },
    "kappa_max": {
      "type": "number"
    },
    "geodesic_action": {
      "type": "number"
    },
    "lapse_N": {
      "type": "number"
    },
    "t": {
      "type": "string",
      "format": "date-time"
    }
  }
}