{
  "$schema": "http://json-schema.org/draft-07/schema#",
  "title": "qtm_event_v1",
  "type": "object",
  "required": [
    "case_id",
    "operator",
    "basis",
    "outcome",
    "prob",
    "t",
    "observer",
    "telemetry"
  ],
  "properties": {
    "case_id": {
      "type": "string"
    },
    "operator": {
      "type": "string",
      "description": "W|I|C|L|T or custom"
    },
    "basis": {
      "type": "string",
      "description": "e.g. verdict/intent/consent"
    },
    "outcome": {
      "type": "string"
    },
    "prob": {
      "type": "number",
      "minimum": 0,
      "maximum": 1
    },
    "t": {
      "type": "string",
      "format": "date-time"
    },
    "observer": {
      "type": "string",
      "description": "who/what performed the measurement"
    },
    "telemetry": {
      "type": "object",
      "properties": {
        "collapse_latency_ms": {
          "type": "number"
        },
        "uncertainty_lower_bound": {
          "type": "number"
        },
        "decoherence_channel": {
          "type": "string"
        },
        "entanglement_mi": {
          "type": "number"
        },
        "entanglement_negativity": {
          "type": "number"
        }
      }
    }
  }
}