{
  "$schema": "https://json-schema.org/draft-07/schema",
  "$id": "https://certeus.local/schemas/policy_pack.schema.v0.1.json",
  "title": "PCO Policy Pack v0.1",
  "description": "Contract for PCO publication policies: proof levels, latency floors, caching, and public payload fields per use-case.",
  "type": "object",
  "required": ["version", "defaults", "use_cases", "checks"],
  "additionalProperties": false,
  "properties": {
    "version": {
      "type": "string"
    },
    "defaults": {
      "type": "object",
      "required": ["proof_levels", "latency", "cache", "obligations"],
      "additionalProperties": false,
      "properties": {
        "proof_levels": {
          "type": "array",
          "items": {
            "type": "string"
          },
          "minItems": 1
        },
        "latency": {
          "type": "object",
          "required": ["p95_ms", "floor_ms"],
          "additionalProperties": false,
          "properties": {
            "p95_ms": {
              "type": "integer",
              "minimum": 1
            },
            "floor_ms": {
              "type": "integer",
              "minimum": 1
            }
          }
        },
        "cache": {
          "type": "object",
          "required": ["mode", "ttl_s"],
          "additionalProperties": false,
          "properties": {
            "mode": {
              "type": "string",
              "enum": ["strict", "cautious", "relaxed"]
            },
            "ttl_s": {
              "type": "integer",
              "minimum": 0
            }
          }
        },
        "obligations": {
          "type": "array",
          "items": {
            "type": "string"
          },
          "minItems": 1
        }
      }
    },
    "use_cases": {
      "type": "object",
      "minProperties": 1,
      "additionalProperties": {
        "type": "object",
        "required": ["proof_levels", "latency", "cache", "publish"],
        "additionalProperties": false,
        "properties": {
          "drat_required": {
            "type": "boolean",
            "default": false
          },
          "proof_levels": {
            "type": "array",
            "items": {
              "type": "string"
            },
            "minItems": 1
          },
          "latency": {
            "type": "object",
            "required": ["p95_ms", "floor_ms"],
            "additionalProperties": false,
            "properties": {
              "p95_ms": {
                "type": "integer",
                "minimum": 1
              },
              "floor_ms": {
                "type": "integer",
                "minimum": 1
              }
            }
          },
          "cache": {
            "type": "object",
            "required": ["mode", "ttl_s"],
            "additionalProperties": false,
            "properties": {
              "mode": {
                "type": "string",
                "enum": ["strict", "cautious", "relaxed"]
              },
              "ttl_s": {
                "type": "integer",
                "minimum": 0
              }
            }
          },
          "publish": {
            "type": "object",
            "required": ["endpoint", "fields"],
            "additionalProperties": false,
            "properties": {
              "endpoint": {
                "type": "string",
                "pattern": "^/pco/public/\\{case_id\\}$"
              },
              "fields": {
                "type": "array",
                "items": {
                  "type": "string"
                },
                "minItems": 4
              }
            }
          }
        }
      }
    },
    "checks": {
      "type": "array",
      "minItems": 1,
      "items": {
        "type": "object",
        "required": ["name", "rule"],
        "additionalProperties": false,
        "properties": {
          "name": {
            "type": "string"
          },
          "rule": {
            "type": "string"
          }
        }
      }
    }
  }
}
